{"episode_reward_max": 63.0, "episode_reward_min": 8.0, "episode_reward_mean": 20.78974358974359, "episode_len_mean": 20.78974358974359, "episode_media": {}, "episodes_this_iter": 195, "policy_reward_min": {}, "policy_reward_max": {}, "policy_reward_mean": {}, "custom_metrics": {}, "hist_stats": {"episode_reward": [16.0, 12.0, 37.0, 13.0, 60.0, 12.0, 9.0, 19.0, 10.0, 11.0, 30.0, 20.0, 10.0, 17.0, 17.0, 27.0, 30.0, 12.0, 28.0, 19.0, 12.0, 17.0, 42.0, 23.0, 22.0, 12.0, 11.0, 18.0, 18.0, 16.0, 17.0, 15.0, 19.0, 24.0, 17.0, 13.0, 18.0, 21.0, 11.0, 14.0, 11.0, 18.0, 12.0, 13.0, 14.0, 34.0, 14.0, 11.0, 25.0, 48.0, 35.0, 14.0, 13.0, 23.0, 13.0, 11.0, 14.0, 11.0, 16.0, 10.0, 12.0, 38.0, 18.0, 47.0, 12.0, 16.0, 17.0, 14.0, 28.0, 35.0, 12.0, 25.0, 34.0, 20.0, 11.0, 63.0, 10.0, 17.0, 14.0, 23.0, 10.0, 14.0, 18.0, 29.0, 11.0, 11.0, 27.0, 19.0, 15.0, 18.0, 18.0, 25.0, 20.0, 19.0, 29.0, 14.0, 42.0, 15.0, 43.0, 18.0, 16.0, 15.0, 25.0, 9.0, 19.0, 18.0, 24.0, 20.0, 18.0, 14.0, 13.0, 18.0, 30.0, 17.0, 30.0, 32.0, 14.0, 20.0, 20.0, 17.0, 26.0, 27.0, 14.0, 10.0, 48.0, 16.0, 27.0, 11.0, 12.0, 8.0, 24.0, 17.0, 26.0, 17.0, 23.0, 13.0, 54.0, 12.0, 15.0, 28.0, 15.0, 14.0, 17.0, 17.0, 25.0, 14.0, 13.0, 18.0, 13.0, 41.0, 34.0, 19.0, 11.0, 12.0, 17.0, 14.0, 28.0, 33.0, 16.0, 10.0, 16.0, 24.0, 16.0, 22.0, 18.0, 13.0, 31.0, 52.0, 35.0, 33.0, 19.0, 16.0, 19.0, 27.0, 31.0, 53.0, 19.0, 60.0, 16.0, 9.0, 12.0, 25.0, 25.0, 14.0, 17.0, 13.0, 14.0, 32.0, 45.0, 14.0, 12.0, 12.0, 40.0, 27.0, 15.0], "episode_lengths": [16, 12, 37, 13, 60, 12, 9, 19, 10, 11, 30, 20, 10, 17, 17, 27, 30, 12, 28, 19, 12, 17, 42, 23, 22, 12, 11, 18, 18, 16, 17, 15, 19, 24, 17, 13, 18, 21, 11, 14, 11, 18, 12, 13, 14, 34, 14, 11, 25, 48, 35, 14, 13, 23, 13, 11, 14, 11, 16, 10, 12, 38, 18, 47, 12, 16, 17, 14, 28, 35, 12, 25, 34, 20, 11, 63, 10, 17, 14, 23, 10, 14, 18, 29, 11, 11, 27, 19, 15, 18, 18, 25, 20, 19, 29, 14, 42, 15, 43, 18, 16, 15, 25, 9, 19, 18, 24, 20, 18, 14, 13, 18, 30, 17, 30, 32, 14, 20, 20, 17, 26, 27, 14, 10, 48, 16, 27, 11, 12, 8, 24, 17, 26, 17, 23, 13, 54, 12, 15, 28, 15, 14, 17, 17, 25, 14, 13, 18, 13, 41, 34, 19, 11, 12, 17, 14, 28, 33, 16, 10, 16, 24, 16, 22, 18, 13, 31, 52, 35, 33, 19, 16, 19, 27, 31, 53, 19, 60, 16, 9, 12, 25, 25, 14, 17, 13, 14, 32, 45, 14, 12, 12, 40, 27, 15]}, "sampler_perf": {"mean_raw_obs_processing_ms": 0.06648885630502945, "mean_inference_ms": 0.8406110521309474, "mean_action_processing_ms": 0.036337637283946074, "mean_env_wait_ms": 0.0527212563925107, "mean_env_render_ms": 0.0}, "off_policy_estimator": {}, "num_healthy_workers": 1, "timesteps_total": 4054, "agent_timesteps_total": 4054, "timers": {"sample_time_ms": 4191.091, "sample_throughput": 967.29, "learn_time_ms": 7460.15, "learn_throughput": 543.421, "update_time_ms": 2.176}, "info": {"learner": {"default_policy": {"learner_stats": {"allreduce_latency": 0.0, "cur_kl_coeff": 0.2, "cur_lr": 5e-05, "total_loss": 79.87361717224121, "policy_loss": -0.0463447121437639, "vf_loss": 79.91312801837921, "vf_explained_var": 0.15979914367198944, "kl": 0.03416285873390734, "entropy": 0.6590930875390768, "entropy_coeff": 0.0}}}, "num_steps_sampled": 4054, "num_agent_steps_sampled": 4054, "num_steps_trained": 4054}, "done": false, "episodes_total": 195, "training_iteration": 1, "experiment_id": "0df77acc290c4e7684967c199fbc8c53", "date": "2021-07-18_01-49-53", "timestamp": 1626562193, "time_this_iter_s": 11.660815715789795, "time_total_s": 11.660815715789795, "pid": 6330, "hostname": "hany606", "node_ip": "10.91.54.72", "config": {"num_workers": 1, "num_envs_per_worker": 1, "create_env_on_driver": false, "rollout_fragment_length": 200, "batch_mode": "complete_episodes", "train_batch_size": 4000, "model": {"_use_default_native_models": false, "fcnet_hiddens": [256, 256], "fcnet_activation": "tanh", "conv_filters": null, "conv_activation": "relu", "post_fcnet_hiddens": [], "post_fcnet_activation": "relu", "free_log_std": false, "no_final_linear": false, "vf_share_layers": false, "use_lstm": false, "max_seq_len": 20, "lstm_cell_size": 256, "lstm_use_prev_action": false, "lstm_use_prev_reward": false, "_time_major": false, "use_attention": false, "attention_num_transformer_units": 1, "attention_dim": 64, "attention_num_heads": 1, "attention_head_dim": 32, "attention_memory_inference": 50, "attention_memory_training": 50, "attention_position_wise_mlp_dim": 32, "attention_init_gru_gate_bias": 2.0, "attention_use_n_prev_actions": 0, "attention_use_n_prev_rewards": 0, "num_framestacks": "auto", "dim": 84, "grayscale": false, "zero_mean": true, "custom_model": null, "custom_model_config": {}, "custom_action_dist": null, "custom_preprocessor": null, "lstm_use_prev_action_reward": -1, "framestack": true}, "optimizer": {}, "gamma": 0.99, "horizon": null, "soft_horizon": false, "no_done_at_end": false, "env": null, "env_config": {}, "env_task_fn": null, "render_env": false, "record_env": false, "normalize_actions": false, "clip_rewards": null, "clip_actions": true, "preprocessor_pref": "deepmind", "lr": 5e-05, "log_level": "WARN", "callbacks": "<class 'ray.rllib.agents.callbacks.DefaultCallbacks'>", "ignore_worker_failures": false, "log_sys_usage": true, "fake_sampler": false, "framework": "torch", "eager_tracing": false, "explore": true, "exploration_config": {"type": "StochasticSampling"}, "evaluation_interval": null, "evaluation_num_episodes": 10, "evaluation_parallel_to_training": false, "in_evaluation": false, "evaluation_config": {}, "evaluation_num_workers": 0, "custom_eval_function": null, "sample_async": false, "sample_collector": "<class 'ray.rllib.evaluation.collectors.simple_list_collector.SimpleListCollector'>", "observation_filter": "NoFilter", "synchronize_filters": true, "tf_session_args": {"intra_op_parallelism_threads": 2, "inter_op_parallelism_threads": 2, "gpu_options": {"allow_growth": true}, "log_device_placement": false, "device_count": {"CPU": 1}, "allow_soft_placement": true}, "local_tf_session_args": {"intra_op_parallelism_threads": 8, "inter_op_parallelism_threads": 8}, "compress_observations": false, "collect_metrics_timeout": 180, "metrics_smoothing_episodes": 100, "remote_worker_envs": false, "remote_env_batch_wait_ms": 0, "min_iter_time_s": 0, "timesteps_per_iteration": 0, "seed": 3, "extra_python_environs_for_driver": {}, "extra_python_environs_for_worker": {}, "num_gpus": 1, "_fake_gpus": false, "num_cpus_per_worker": 1, "num_gpus_per_worker": 0, "custom_resources_per_worker": {}, "num_cpus_for_driver": 1, "placement_strategy": "PACK", "input": "sampler", "input_evaluation": ["is", "wis"], "postprocess_inputs": false, "shuffle_buffer_size": 0, "output": null, "output_compress_columns": ["obs", "new_obs"], "output_max_file_size": 67108864, "multiagent": {"policies": {}, "policy_mapping_fn": null, "policies_to_train": null, "observation_fn": null, "replay_mode": "independent", "count_steps_by": "env_steps"}, "logger_config": null, "simple_optimizer": -1, "monitor": -1, "use_critic": true, "use_gae": true, "lambda": 1.0, "kl_coeff": 0.2, "sgd_minibatch_size": 128, "shuffle_sequences": true, "num_sgd_iter": 30, "lr_schedule": null, "vf_loss_coeff": 1.0, "entropy_coeff": 0.0, "entropy_coeff_schedule": null, "clip_param": 0.3, "vf_clip_param": 10.0, "grad_clip": null, "kl_target": 0.01, "vf_share_layers": -1}, "time_since_restore": 11.660815715789795, "timesteps_since_restore": 0, "iterations_since_restore": 1, "perf": {"cpu_util_percent": 29.430303030303026, "ram_util_percent": 85.16666666666667, "gpu_util_percent0": 0.27484848484848484, "vram_util_percent0": 0.34379691760884884}, "phase": 1, "trial_id": "3c098_00000"}
{"episode_reward_max": 159.0, "episode_reward_min": 9.0, "episode_reward_mean": 41.64356435643565, "episode_len_mean": 41.64356435643565, "episode_media": {}, "episodes_this_iter": 101, "policy_reward_min": {}, "policy_reward_max": {}, "policy_reward_mean": {}, "custom_metrics": {},